Date,High Price,Low Price,Close Price,Total Traded Quantity,Turnover (in lacs),No. of Contracts,
01-Mar-2017,292.05,285,288.95,5145017,14863.446792,4754,
02-Mar-2017,293.75,287.8,289.8,2879156,8381.7822525,3194,
03-Mar-2017,310,294.05,307.9,12442632,37881.641784,13155,
06-Mar-2017,312.75,305.75,310.1,5737310,17756.782953,4559,
07-Mar-2017,314.9,309,310.1,3416663,10657.944345,3149,
08-Mar-2017,311.5,306.35,309.95,1818529,5622.6675345,1457,
09-Mar-2017,308.9,303.1,305.15,2492122,7605.0857805,1773,
10-Mar-2017,312.8,306.05,308.45,3372496,10433.0695805,2964,
14-Mar-2017,315,307.5,310.05,2549708,7920.387641,1786,
15-Mar-2017,312.8,308.05,308.9,2640194,8195.5548775,1755,
16-Mar-2017,311.75,309.25,310.5,1573157,4884.2749355,1488,
17-Mar-2017,312.1,305.65,309.7,4625028,14265.3719255,3006,
20-Mar-2017,314.45,303.65,308.8,2111748,6567.4535585,2184,
21-Mar-2017,314.5,310.35,313.45,1647977,5151.8062315,2045,
22-Mar-2017,317,310.45,312.95,3928598,12285.0594185,4066,
23-Mar-2017,317,312.5,313.55,1674503,5248.4975295,1153,
24-Mar-2017,314.55,309.25,310.4,1346006,4196.864238,1624,
27-Mar-2017,315.3,307.4,312.55,1775015,5537.215476,3217,
28-Mar-2017,323.9,313.7,318.65,5338059,17012.59794,7506,
29-Mar-2017,340.85,320.1,336.85,13686074,45571.546104,20464,
30-Mar-2017,339.45,331,336.7,3987511,13403.5913015,8238,
31-Mar-2017,328.9,322.5,325.9,1861425,6055.214538,1362,
03-Apr-2017,332.3,318.75,329.55,2166039,7046.7696385,1685,
05-Apr-2017,343.7,328.65,337.7,4885545,16518.802579,2164,
06-Apr-2017,340.75,325.4,339.15,2801379,9400.721446,1930,
07-Apr-2017,348.7,333.6,347.6,2517255,8694.7774535,2407,
10-Apr-2017,360.9,348,357,4076623,14523.098204,3170,
11-Apr-2017,362.95,353,355.55,4051807,14539.480784,2171,
12-Apr-2017,372.3,352.15,367.05,4281035,15583.6558585,5602,
13-Apr-2017,371,350.6,355.05,1641083,5883.0670145,2788,
17-Apr-2017,355.5,340.5,344.35,1496125,5149.5954335,2161,
18-Apr-2017,350.9,330.75,336.9,6099634,21055.402553,2666,
19-Apr-2017,347.75,333.75,346.7,3381242,11655.467185,3241,
20-Apr-2017,346,341.7,342.7,2561493,8811.6845685,1480,
21-Apr-2017,356.3,345.85,352.85,2027577,7109.5865765,2116,
24-Apr-2017,360,349.5,358.25,2949867,10465.52066,3893,
25-Apr-2017,377.3,357.95,375.25,4440724,16492.8029955,5257,
26-Apr-2017,377.5,364.25,367.3,3226103,11896.274118,5164,
27-Apr-2017,369.55,361.4,366.8,1340486,4910.006403,5509,
28-Apr-2017,368.5,353.35,354.7,1431794,5136.3209755,1151,
02-May-2017,358.9,349.3,354.2,4267681,15146.844777,900,
03-May-2017,365.55,353.9,363,1939983,7006.4302695,2281,
04-May-2017,365.6,360,363.35,1316836,4781.626733,1417,
05-May-2017,370,358.5,366.6,1981269,7270.524951,1596,
08-May-2017,370.9,363,364.45,686159,2517.292086,1690,
09-May-2017,371.25,356.35,365.9,2151177,7899.7072745,3475,
10-May-2017,369,360,366.65,2254910,8263.284362,1529,
11-May-2017,381.65,366.5,378.3,3254041,12166.86717,2662,
12-May-2017,379.25,369.8,374.7,1559224,5815.8113765,1576,
15-May-2017,375.8,368.65,371.05,761032,2824.044414,806,
16-May-2017,380.85,370.05,376.55,1346372,5076.458585,1435,
17-May-2017,396.5,375.1,389.9,2268036,8691.629311,3371,
18-May-2017,388.85,377,378.9,2014628,7707.910082,2468,
19-May-2017,387.5,374.85,378.95,2031322,7707.5252435,2574,
22-May-2017,389.3,376.15,387.95,2772691,10690.52134,4261,
23-May-2017,390,378.4,379.85,3811223,14590.707837,5003,
24-May-2017,382,367.2,369,3134390,11675.2076355,4527,
25-May-2017,376.35,365.85,373.5,7287977,27096.798987,7074,
26-May-2017,377.2,366.3,369.95,1918463,7126.10729,1775,
29-May-2017,381.4,367.7,379.35,3887542,14639.4760695,1724,
30-May-2017,379.85,365.65,372.25,1273594,4730.920284,1606,
31-May-2017,374.35,360.65,366.6,3613527,13201.5561905,2372,
01-Jun-2017,379.45,369.8,376.25,2505966,9399.1221315,1428,
02-Jun-2017,382.9,371,374.65,1334349,5028.735424,1573,
05-Jun-2017,384.9,375.6,382.45,3563721,13599.4198355,2316,
06-Jun-2017,388.9,379.8,383.15,2537956,9746.3297395,1745,
07-Jun-2017,388.6,379.7,383.2,1610112,6179.3845505,1516,
08-Jun-2017,383.1,374.8,379.85,1107704,4191.9406615,1719,
09-Jun-2017,384.75,377.1,382.65,1545424,5892.547859,1641,
12-Jun-2017,386,376.8,384.75,1660758,6344.8431035,1905,
13-Jun-2017,389.85,379.55,384.2,1863956,7168.0244645,2441,
14-Jun-2017,387.4,381.45,386.1,1317476,5068.9701955,747,
15-Jun-2017,389.1,370.65,374.8,2369536,8979.235627,1874,
16-Jun-2017,384.65,373.25,375.1,2699975,10241.210089,1719,
19-Jun-2017,383.9,373.5,376.55,2163886,8236.664612,1288,
20-Jun-2017,381.5,375.7,377.1,1331396,5039.0952795,2006,
21-Jun-2017,378.1,370.5,371.7,2388975,8935.385707,1874,
22-Jun-2017,376.5,371,375,1120673,4200.602427,872,
23-Jun-2017,378.55,371.05,372.15,2156583,8095.5320885,2490,
27-Jun-2017,375.9,368.8,373.3,1850097,6905.1983675,3729,
28-Jun-2017,379.95,371.1,376.45,1768602,6608.482646,3490,
29-Jun-2017,382.5,374.25,378.2,5450689,20652.365936,7588,
30-Jun-2017,377.05,371.25,374.55,980667,3664.041533,749,
03-Jul-2017,399.9,374.45,397.75,4181712,16374.49786,3989,
04-Jul-2017,405.9,396.6,401.55,2412278,9697.7902635,2628,
05-Jul-2017,405.75,397.75,403.05,1039605,4185.1350275,1089,
06-Jul-2017,416.2,398.6,414.7,2220499,9082.8055885,3874,
07-Jul-2017,414.65,402.15,404.35,2673281,10855.501464,2456,
10-Jul-2017,415,404,410.3,1255267,5116.678824,940,
11-Jul-2017,414.55,405.25,409.85,2575028,10569.3089495,1145,
12-Jul-2017,422.35,405.6,420.3,4389373,18188.885078,3717,
13-Jul-2017,421.9,407.25,410.6,3111485,12786.122957,2357,
14-Jul-2017,418.45,408.65,417.8,1575033,6540.494469,1933,
17-Jul-2017,420.3,415.7,418.65,1083121,4528.9442045,885,
18-Jul-2017,424.75,414.15,418.2,2192538,9205.670021,1507,
19-Jul-2017,422.9,412,415.15,1493859,6216.401278,1488,
20-Jul-2017,414.95,404.55,406.1,1825907,7447.140745,1674,
21-Jul-2017,411.75,401.25,410.3,1371671,5570.8332255,2930,
24-Jul-2017,415.45,403.35,408.9,2056890,8439.7605735,4519,
25-Jul-2017,425,413.45,415.65,2965248,12421.4500615,5827,
26-Jul-2017,414.9,407.55,413.5,1488819,6124.430755,2510,
27-Jul-2017,417,409,411.05,2796607,11518.4655045,4323,
28-Jul-2017,413.9,398.65,403.9,2250006,9127.845386,2711,
31-Jul-2017,406,395.25,401.4,3107036,12476.0191875,3161,
01-Aug-2017,407.05,398.75,403.7,1633983,6581.6804015,1453,
02-Aug-2017,407,395.3,397.85,2252956,9058.209934,3130,
03-Aug-2017,407.5,396,403.95,3426255,13796.4373915,3969,
04-Aug-2017,408.9,399,406.55,2078958,8412.698049,1743,
07-Aug-2017,408.5,395.6,397.85,2453089,9900.076876,3555,
08-Aug-2017,389.8,380,383.6,12856633,49461.082132,14529,
09-Aug-2017,385.4,379,381.7,2750683,10516.7708845,2612,
10-Aug-2017,387.9,378.95,382.45,3050083,11684.317601,2955,
11-Aug-2017,383.75,376.1,382.3,2645105,10064.6514775,1573,
14-Aug-2017,385.9,378.5,379.85,2677716,10212.094403,1042,
16-Aug-2017,383.8,377.9,382.9,1986044,7586.127915,1525,
17-Aug-2017,388.75,378.55,379.35,1591863,6097.40783,1752,
18-Aug-2017,396.75,379.95,395.3,4427161,17318.1500555,3562,
21-Aug-2017,396.55,382.65,386.6,1956668,7634.502649,2164,
22-Aug-2017,396,385.65,387.85,2609604,10189.576363,1455,
23-Aug-2017,389.9,380.75,382.8,1201788,4604.308286,1627,
24-Aug-2017,387.8,380.3,383.9,1863817,7153.4372065,1892,
28-Aug-2017,388.8,382.75,386.7,1402650,5424.6993145,1643,
29-Aug-2017,387.6,377,380.3,1102703,4206.091691,1903,
30-Aug-2017,385.85,379.6,384.75,838089,3214.5546375,1361,
31-Aug-2017,387.55,367.05,375.2,7483962,28102.9212455,8209,
01-Sep-2017,381.85,375.3,379.7,1242702,4716.9662265,712,
04-Sep-2017,380.6,375.45,377.75,751845,2840.8477785,811,
05-Sep-2017,379.25,368.2,371.85,1819271,6760.943919,1330,
06-Sep-2017,373.5,367.5,371.45,1404720,5210.724368,631,
07-Sep-2017,373.9,368.4,370.15,1122445,4160.3504935,400,
08-Sep-2017,374.65,368.65,370.65,2528475,9371.4210615,960,
11-Sep-2017,372.15,366.5,369.5,731573,2700.797059,733,
12-Sep-2017,370.8,363.65,370.1,2831964,10438.086447,1042,
13-Sep-2017,374.35,366.4,370.65,4210770,15610.4988205,1569,
14-Sep-2017,373.95,368.5,370.05,1571003,5811.072816,480,
15-Sep-2017,382.9,369.65,374,11439738,43057.0951005,5807,
18-Sep-2017,392,374.5,389.1,2752803,10619.4443025,3045,
19-Sep-2017,399.9,388.15,398.3,1956748,7724.8890615,2513,
20-Sep-2017,400.95,393.05,393.95,1469249,5818.3026585,1619,
21-Sep-2017,399.55,386.6,387.65,2118175,8283.1029105,1187,
22-Sep-2017,394.55,385.2,390,1615279,6301.910075,1204,
25-Sep-2017,397.4,387.3,391.35,2575008,10088.5720455,3265,
26-Sep-2017,394,373.85,376.4,1827778,7089.3075645,4046,
27-Sep-2017,386.4,376.25,382.65,2082260,7939.8763855,3964,
28-Sep-2017,395.7,375,392.6,2458127,9520.5322765,4933,
29-Sep-2017,411.7,393.05,398.4,5139940,20640.561915,3262,
03-Oct-2017,410.2,399,408.5,4036851,16470.418876,2220,
04-Oct-2017,419.65,408,416.5,3456681,14323.83908,2637,
05-Oct-2017,413,402.65,404.65,1920244,7796.1671655,2181,
06-Oct-2017,409.9,399,399.95,2028197,8144.50659,1296,
09-Oct-2017,405.95,397.55,398.5,1385786,5555.077756,1452,
10-Oct-2017,404.55,398.5,399.85,2029807,8155.2131655,1291,
11-Oct-2017,414,401.9,410.5,5104904,20923.536086,3437,
12-Oct-2017,438,402.7,432,10400395,44742.01223,11337,
13-Oct-2017,455,432.8,449.95,16946705,75807.007887,8074,
16-Oct-2017,474.25,450.6,471.5,9404756,43377.921908,8471,
17-Oct-2017,482.8,467,479.2,9080336,43222.050639,6951,
18-Oct-2017,482,460.05,461.75,3847393,17922.2307095,4317,
19-Oct-2017,464.4,458.35,460.25,234833,1083.0858055,537,
23-Oct-2017,468.85,445.25,449,3468772,15613.09774,4911,
24-Oct-2017,459.85,437.85,453.3,3495103,15734.9689365,6790,
25-Oct-2017,464.35,450.8,452.15,2720627,12448.521067,6281,
26-Oct-2017,465,436.45,455.4,2343242,10485.944383,10370,
27-Oct-2017,454,415,418.55,4527007,19323.5393385,6298,
30-Oct-2017,435,421.7,429.7,4402673,18845.841443,3825,
31-Oct-2017,448.35,419.2,442.15,5952903,25848.907811,7459,
01-Nov-2017,452,422.4,426.55,3573242,15543.876726,5077,
02-Nov-2017,428.7,415.6,418.65,2632114,11103.701872,3581,
03-Nov-2017,421.3,412.05,413.75,1624837,6770.457058,2303,
06-Nov-2017,429,413,424.05,3603506,15285.4162025,3073,
07-Nov-2017,432.95,420.5,427.05,3101792,13226.258079,3748,
08-Nov-2017,439.6,430.1,435.15,4412381,19208.31411,4265,
09-Nov-2017,443.45,424.45,429.2,4969389,21784.4007555,3074,
10-Nov-2017,432.6,421.7,426.75,3348288,14296.430204,2245,
13-Nov-2017,429.4,405.25,415.5,3422752,14380.3610675,4331,
14-Nov-2017,406.4,391.5,396.95,131335426,525916.076692,18704,
15-Nov-2017,399.4,375.15,377.65,3278094,12738.1733325,6002,
16-Nov-2017,392.5,380.35,384.65,5469875,21181.865383,4990,
17-Nov-2017,388.8,376.55,380.15,3328012,12699.4382715,3087,
20-Nov-2017,392.9,381.7,383.7,6432184,24846.9253445,4762,
21-Nov-2017,386.95,381,383.55,3626367,13902.2292985,2004,
22-Nov-2017,385.8,373.6,376.45,5752823,21699.191395,3204,
23-Nov-2017,386.4,373.1,374.6,4561646,17344.6548945,5116,
24-Nov-2017,382,376.4,380.8,2487171,9441.777096,2965,
27-Nov-2017,387.7,378.4,386.6,2416421,9295.2757615,5547,
28-Nov-2017,387.35,376.05,377.85,4127842,15772.3396495,8488,
29-Nov-2017,384.9,376.45,384.15,6010951,22933.047936,7329,
30-Nov-2017,387.9,380.6,383.7,12955743,49765.161943,8361,
01-Dec-2017,388.4,382.85,385.95,3519059,13570.1195375,2536,
04-Dec-2017,388.45,375.1,376.5,1423770,5404.442133,1935,
05-Dec-2017,380.45,371.25,378.55,2141034,8048.41795,2256,
06-Dec-2017,378.25,366.5,370.35,2172920,8105.0170935,1916,
07-Dec-2017,384.9,367.15,382.35,1768073,6635.983701,2449,
08-Dec-2017,381.55,372.35,373.7,3146713,11797.2298685,2328,
11-Dec-2017,377.9,367.2,368.05,3031658,11227.906892,2774,
12-Dec-2017,369,354.25,355.4,3321358,11905.0962255,4094,
13-Dec-2017,362.9,355.15,357.7,2362236,8493.879015,3173,
14-Dec-2017,362.9,355.1,356.65,2052442,7355.902635,1843,
15-Dec-2017,361.45,353.3,354.5,2416817,8593.128191,2031,
18-Dec-2017,361.9,347.1,357.75,2963083,10560.667563,3287,
19-Dec-2017,363.9,357.5,362.5,1737412,6279.7761775,2264,
20-Dec-2017,366.7,362.5,364.25,2111646,7699.0487755,2349,
21-Dec-2017,365.85,360.25,361.6,1507477,5471.1399105,1773,
22-Dec-2017,365.35,358.75,363.95,2856053,10342.2853035,3030,
26-Dec-2017,370.5,362.65,369.6,1649408,6063.0667445,6192,
27-Dec-2017,371,365.25,367.5,1199421,4424.3605015,5892,
28-Dec-2017,371.8,364.5,368.15,4295438,15852.5910255,7844,
29-Dec-2017,380.55,367.1,378.75,4216334,15871.2876185,4350,
01-Jan-2018,379.9,368.35,369.95,1788442,6644.467071,2679,
02-Jan-2018,380,370.1,378.8,4093118,15448.4756325,3720,
03-Jan-2018,383.45,376.45,378.65,2009516,7627.417942,2405,
04-Jan-2018,381.8,377.25,379.05,4247055,16104.2790335,944,
05-Jan-2018,381.45,371.5,372.6,1576172,5942.3577445,1573,
08-Jan-2018,376.45,372.05,374.4,1754188,6567.7548135,2085,
09-Jan-2018,376.85,367.2,368.4,1659015,6156.835299,1901,
10-Jan-2018,373,364.6,370.8,4204087,15455.6488,2123,
11-Jan-2018,371.75,363.9,367.75,2373477,8708.70853,1822,
12-Jan-2018,376.95,364.05,374.8,2834284,10513.244041,2558,
15-Jan-2018,378.5,369,370.5,1038566,3887.60392,2014,
16-Jan-2018,375.35,366.15,367.95,1797985,6656.344262,2239,
17-Jan-2018,373.2,360.85,366.1,2996802,10994.8579585,4610,
18-Jan-2018,365.05,342.25,343.8,4256014,14905.9820585,8247,
19-Jan-2018,348.55,339.25,346.05,7653870,26301.1170665,4231,
22-Jan-2018,349,339.8,343.5,6688121,23031.3549935,3376,
23-Jan-2018,345.5,337.85,339.4,5668180,19368.7422525,6244,
24-Jan-2018,345.85,338.45,342.3,4933761,16863.1684915,5533,
25-Jan-2018,348.8,340.55,343.45,4683283,16156.567884,8770,
29-Jan-2018,355.65,340.5,353.4,4249433,14760.898936,3533,
30-Jan-2018,354.6,342.1,344.45,3724844,12929.783897,2756,
31-Jan-2018,353.95,343.2,351.55,3997015,13863.309715,2051,
01-Feb-2018,354,343.5,346.85,3045857,10562.3346405,2058,
02-Feb-2018,349.6,341.8,344.85,4467011,15422.5486025,2300,
05-Feb-2018,354.1,330.05,349,2690533,9258.101676,3317,
06-Feb-2018,349.2,328.15,344.95,1662550,5715.0117825,2638,
07-Feb-2018,353.9,336.15,338.55,3376135,11652.8200555,1635,
08-Feb-2018,351.95,340,349.2,1436457,4974.8883815,1442,
09-Feb-2018,349.15,339.05,341.5,3050243,10421.3039,1546,
12-Feb-2018,346.15,336.25,338.25,3252157,11036.2858315,2223,
14-Feb-2018,340.4,325.25,327.4,7362307,24117.5496285,4331,
15-Feb-2018,336.9,327.25,331.05,3526872,11741.1335485,4378,
16-Feb-2018,334.4,322.55,327.55,2397216,7857.4860325,2749,
19-Feb-2018,333.4,325.1,329.85,2593948,8547.8992525,3434,
20-Feb-2018,335.75,322.7,334,2348949,7757.496091,5217,
21-Feb-2018,339.5,332.5,338.05,2192907,7381.1880655,9782,
22-Feb-2018,338.05,330,333.85,8407719,27954.049264,10649,
23-Feb-2018,344.4,330.05,340.4,3108532,10510.884705,2589,
26-Feb-2018,348,335.9,344.45,11037220,38012.834973,2194,
27-Feb-2018,349.35,339.95,344.8,6738482,23159.734326,1489,
28-Feb-2018,351.4,338.9,346.7,41050485,142135.6774805,9281,
01-Mar-2018,352.2,342.25,345.2,3367869,11642.1154125,1435,
05-Mar-2018,342.5,335,339.15,2294182,7769.502207,1245,
06-Mar-2018,340.45,328.8,331.95,10597788,35203.4720055,3576,
07-Mar-2018,336.6,327.65,329.45,10039533,33485.1633585,3623,
08-Mar-2018,344.45,324.5,331.2,7186625,24017.454841,5551,
09-Mar-2018,338.1,328.85,333.15,5488752,18326.251725,2854,
12-Mar-2018,343.6,332.65,339.5,6680146,22480.901553,2036,
13-Mar-2018,350,336,349,2491061,8624.888218,2385,
14-Mar-2018,346.7,337.55,339.15,2244680,7640.568991,1645,
15-Mar-2018,344.85,336.25,337.9,1354562,4615.9609245,1988,
16-Mar-2018,343.4,332.5,334.45,3780358,12746.3792105,1948,
19-Mar-2018,337.15,320.05,325.35,2261162,7427.1289395,2167,
20-Mar-2018,343.95,323.45,341.9,5524750,18717.5950255,4929,
21-Mar-2018,345.8,336.3,337.15,2825185,9576.308229,2289,
22-Mar-2018,344.45,330.9,335.2,2264722,7641.0942335,1750,
23-Mar-2018,344.9,329,342.5,2991192,10130.6190995,3222,
26-Mar-2018,346.3,339.15,343.95,1353062,4652.519067,4558,
27-Mar-2018,346.7,332.75,336.55,3190225,10721.6483215,4672,
28-Mar-2018,342,331.05,336.15,7045038,23661.960633,6867,
02-Apr-2018,344.4,335.9,337.65,1643242,5605.133488,1814,
03-Apr-2018,342.3,334.5,339.15,1165314,3949.271862,1099,
04-Apr-2018,338.95,335,336.95,1385801,4669.4078395,1643,
05-Apr-2018,340.5,330.25,338.05,3807792,12769.6293175,1570,
06-Apr-2018,342.85,335.35,338,5575268,18887.1198355,1402,
09-Apr-2018,340.2,336.25,337.2,5696918,19261.6742335,1190,
10-Apr-2018,341,332.1,335.45,3470927,11702.2975565,1403,
11-Apr-2018,339.9,335.55,337.45,3468729,11710.9125625,1064,
12-Apr-2018,341.55,335.95,340.7,2136706,7230.886928,1472,
13-Apr-2018,348.45,336.9,339.7,2358332,8112.142202,2605,
16-Apr-2018,343.4,334.5,340.05,4175047,14188.794167,1371,
17-Apr-2018,343,330.4,334,2797188,9360.7840785,1378,
18-Apr-2018,338,334.5,336.05,2881187,9680.588272,1075,
19-Apr-2018,338.6,334.4,335.95,2579826,8670.7939625,951,
20-Apr-2018,337.4,326.4,331.1,1307014,4325.392181,1642,
23-Apr-2018,332.6,324.5,328,2475687,8107.835801,3318,
24-Apr-2018,334.6,315.65,329,4979271,16219.858626,9042,
25-Apr-2018,338.95,322.3,325.45,4998560,16349.0834115,7105,
26-Apr-2018,327,310.5,316.1,6209388,19567.6393305,11581,
27-Apr-2018,324.65,313.35,320.25,4360743,13929.9440785,1967,
30-Apr-2018,321.9,312,313.1,3440871,10825.677124,2209,
02-May-2018,318.4,312.35,313.8,5741657,18092.611401,1714,
03-May-2018,327,311.35,324.95,4395421,14208.9576465,3747,
04-May-2018,325,318.65,322.45,2125043,6841.4284175,1602,
07-May-2018,324.45,319.3,320.65,2621067,8393.011731,771,
08-May-2018,324.5,319.6,321,7307907,23439.58756,814,
09-May-2018,328.2,322.15,324.85,2739153,8916.380023,2323,
10-May-2018,328.3,317.2,320.7,2809718,9034.1441355,1325,
11-May-2018,322.85,315.45,319.85,2806644,8924.2764795,1400,
14-May-2018,323.3,313,316,1310795,4179.412975,1302,
15-May-2018,315.65,311.1,312.45,3695713,11574.252633,1766,
16-May-2018,323.8,308.2,315.2,2250017,7082.0238845,1906,
17-May-2018,324.75,312.9,321.75,3255853,10452.9505185,1634,
18-May-2018,322.25,315.1,316.15,1949318,6221.5900305,2135,
21-May-2018,323.5,315.6,321.7,1523518,4892.245775,1529,
22-May-2018,320.7,313.05,315.85,2443082,7716.3576605,1669,
23-May-2018,319.5,313.75,317.3,3690868,11697.992763,834,
24-May-2018,319.55,313.65,318.35,4111643,13011.081799,1243,
25-May-2018,318.15,312,314.85,1105911,3474.4420785,1684,
28-May-2018,317.95,309.2,310.7,1201629,3760.9111255,2398,
29-May-2018,313.8,303.15,304.9,2631933,8056.494633,5126,
30-May-2018,307,298.95,301.15,2554562,7688.827315,6157,
31-May-2018,304,293.35,298.65,11366237,34101.690327,7941,
01-Jun-2018,303.9,298.75,300.65,1271174,3817.547998,1208,
04-Jun-2018,302.15,294,295.15,926733,2752.791753,1797,
05-Jun-2018,298.5,289.5,294.65,2364464,6924.1744885,1516,
06-Jun-2018,297.2,292.75,294.6,1434703,4225.804072,1247,
07-Jun-2018,295.5,292.6,293.8,2471537,7262.659318,1120,
08-Jun-2018,299.45,293.1,298.4,1360769,4046.033745,1238,
11-Jun-2018,302.05,298,300,2123262,6372.669982,1270,
12-Jun-2018,302,298.6,299.75,946261,2839.847096,671,
13-Jun-2018,302.2,296.6,300.5,5147453,15458.1594235,1404,
14-Jun-2018,299.85,294.9,296.5,1055622,3131.0667955,1188,
15-Jun-2018,297.7,291.6,293.6,3264270,9569.438257,1820,
18-Jun-2018,294,288.9,291.3,1377676,4004.6316885,1243,
19-Jun-2018,292.5,285.9,287.75,1300911,3760.893149,1208,
20-Jun-2018,290.9,284.1,285.3,1887084,5419.231838,1506,
21-Jun-2018,286.9,274.55,279.6,5646050,15720.1460765,4208,
22-Jun-2018,287.95,275.45,286,2317644,6584.657978,2446,
25-Jun-2018,293,283.25,291.95,2416530,6971.864596,3738,
26-Jun-2018,294.95,282.35,292.95,5285978,15379.905294,3436,
27-Jun-2018,302.75,287.2,299.55,4099169,12253.4834895,7295,
28-Jun-2018,300,293.9,297.95,4702328,13959.355876,7010,
29-Jun-2018,307.95,295.6,300.55,3871075,11651.82045,2339,
02-Jul-2018,304.8,294.8,298.9,2444336,7313.7454375,2141,
03-Jul-2018,297.8,286.6,291.5,2404666,6998.0962315,1678,
04-Jul-2018,301.85,289.55,299.5,2171623,6475.0793865,1712,
05-Jul-2018,305.1,294.3,303.45,1418401,4240.7346765,1969,
06-Jul-2018,303.95,295.35,299.1,1382388,4151.298676,1326,
09-Jul-2018,303,299.1,301.85,613883,1851.2841715,646,
10-Jul-2018,307.1,299.85,305.3,878200,2672.3113355,1256,
11-Jul-2018,319.2,304,317.15,4059566,12826.352717,2859,
12-Jul-2018,317,307.65,314.05,1586131,4935.6137135,1454,
13-Jul-2018,314,300.35,302.7,1416753,4317.871497,1367,
16-Jul-2018,305.7,298.3,301.15,1661955,4991.975947,975,
17-Jul-2018,307.25,297.1,303.35,836130,2540.112073,910,
18-Jul-2018,305.6,298.75,299.25,1537581,4618.306616,2111,
19-Jul-2018,292.4,283.4,285.3,2182923,6239.6201235,1279,
20-Jul-2018,288.2,285,286,4041062,11567.6218295,1019,
23-Jul-2018,289.65,284,286.7,629540,1807.7354905,1617,
24-Jul-2018,288,285.1,285.85,3997082,11436.498661,3463,
25-Jul-2018,291.9,283.45,286.9,6454497,18519.907683,7771,
26-Jul-2018,288.65,278.05,286.85,5254405,14941.15286,7281,
27-Jul-2018,290.8,284.1,289.45,1703895,4896.9425295,1724,
30-Jul-2018,292.35,287,289.15,1203306,3482.17255,1109,
31-Jul-2018,291.75,285.95,286.65,1744891,5040.260177,1191,
01-Aug-2018,297.45,285.75,293.25,1897046,5552.268645,1563,
02-Aug-2018,297.9,289.4,291.15,1228980,3599.4206105,916,
03-Aug-2018,292.6,288.75,290.1,1138162,3304.519011,644,
06-Aug-2018,291.85,285.75,287.05,684331,1978.8655295,551,
07-Aug-2018,289.5,285,285.9,1854883,5322.2733845,1068,
08-Aug-2018,292.5,284.15,290.45,5442103,15559.851466,1388,
09-Aug-2018,296.85,289.3,293.25,1562399,4600.0691925,1944,
10-Aug-2018,293.65,287.6,289.9,1271219,3689.880303,938,
13-Aug-2018,287.55,283.45,285.25,1095747,3126.372919,969,
14-Aug-2018,285.75,280.2,283.9,2241692,6357.153034,972,
16-Aug-2018,283.45,279,280.65,1705620,4800.1766855,837,
17-Aug-2018,285.4,281,282.55,2626989,7433.478355,1134,
20-Aug-2018,287,281.9,284.8,1706019,4865.802567,1442,
21-Aug-2018,289.7,284.35,287.5,2304463,6617.190771,1209,
23-Aug-2018,290.7,282.55,283.9,1875794,5348.988682,1378,
24-Aug-2018,291.4,278.85,285.55,3456951,9884.2305765,4245,
27-Aug-2018,289.8,281.6,288.05,2244792,6401.1473005,3179,
28-Aug-2018,289.8,282.6,286.15,10163994,29073.1918705,3703,
29-Aug-2018,287.2,282.25,283.6,4826522,13706.293814,4938,
30-Aug-2018,286,280.1,284.4,2645826,7507.480653,5639,
31-Aug-2018,294.8,285,286.9,2495220,7242.513385,2143,
03-Sep-2018,292.9,286,289.8,1141409,3317.8053325,1408,
04-Sep-2018,292,282.4,284.05,1433152,4103.2891745,1914,
05-Sep-2018,284,269.25,271.35,2129182,5857.535211,2424,
06-Sep-2018,277.6,265.6,270.95,3939106,10669.780138,4214,
07-Sep-2018,279.35,267.2,277.35,2042234,5628.6145435,2135,
10-Sep-2018,279,272.7,275.7,793199,2187.369565,1144,
11-Sep-2018,276.8,269,270.2,2484626,6719.4368475,1283,
12-Sep-2018,272.3,263.3,270.8,1097568,2938.1215935,1494,
14-Sep-2018,275.9,270.55,274.6,3099251,8447.491126,1013,
17-Sep-2018,275,266,266.85,2277951,6155.4838215,1429,
18-Sep-2018,268,265,266.7,1788883,4768.4820685,1692,
19-Sep-2018,272.85,264,270.9,1208800,3247.097921,1361,
21-Sep-2018,282.85,270.6,281.2,3625576,10097.0432955,3885,
24-Sep-2018,283.95,273.05,277.85,1342760,3747.2408865,3833,
25-Sep-2018,280,268.05,269.35,2794731,7627.2052525,4495,
26-Sep-2018,273.9,257.7,261.5,2575108,6808.033464,4882,
27-Sep-2018,271.05,256.85,267.85,3769191,9967.837756,5532,
28-Sep-2018,275.45,261.5,262.95,2438632,6570.008296,2438,
01-Oct-2018,272.3,262,267.6,2928255,7841.328099,2553,
03-Oct-2018,267.6,250,251.7,2989267,7602.98183,2994,
04-Oct-2018,261.6,242.25,256.15,4972966,12740.572481,3295,
05-Oct-2018,264,253.6,260.2,4498382,11741.820787,1513,
08-Oct-2018,269.5,253.15,266.7,2253966,5876.927121,3072,
09-Oct-2018,273.9,261.95,266.5,2128482,5725.2673505,2754,
10-Oct-2018,276,256.5,258.25,2832141,7559.837592,3464,
11-Oct-2018,262.65,252,259.75,4629003,12010.0269005,2042,
12-Oct-2018,267.5,258,265.55,2502620,6594.337635,2494,
15-Oct-2018,271.6,264.85,268.6,1953850,5241.6787995,2426,
16-Oct-2018,277.5,263.8,266.25,2760250,7454.9767465,3367,
17-Oct-2018,269.65,258.2,260,1618929,4272.106696,2134,
19-Oct-2018,268.65,261,264.45,2544569,6742.6639845,2716,
22-Oct-2018,267.9,260.65,265.25,1228217,3255.114437,2135,
23-Oct-2018,270.4,258.6,265.5,8806279,23124.3785495,4936,
24-Oct-2018,267.9,259.9,263.25,2283437,5998.90568,4844,
25-Oct-2018,270.7,260,265,6916739,18324.8099635,7336,
26-Oct-2018,268.45,261.85,265,2293262,6073.128515,1466,
29-Oct-2018,266.75,262.55,264.65,995410,2636.0009375,1298,
30-Oct-2018,267.95,263.5,266.2,1524274,4051.734907,668,
31-Oct-2018,271,259.4,269.25,2396820,6350.4234385,1384,
01-Nov-2018,266.95,260.35,261.2,2270401,5969.9211725,1403,
02-Nov-2018,264.75,260.25,262.3,1687971,4444.9615225,1524,
05-Nov-2018,264,258.05,261.95,1661661,4340.381184,1122,
06-Nov-2018,265.75,259.3,262.65,1582175,4170.9770325,1090,
07-Nov-2018,266.25,263,265.15,94257,249.7926335,122,
09-Nov-2018,274.1,264.35,265.85,4838067,13041.711359,2089,
12-Nov-2018,268.8,257.45,258.5,2007650,5232.9440505,1145,
13-Nov-2018,261.25,253.55,258.4,1412523,3633.324523,1622,
14-Nov-2018,261.5,256.85,260.05,813648,2112.93966,872,
15-Nov-2018,261.95,254,255.4,1206044,3107.6655695,1441,
16-Nov-2018,262.25,256,259.6,1581500,4107.476301,1400,
19-Nov-2018,261.8,257.5,259.95,741946,1927.2371785,615,
20-Nov-2018,261.25,257.9,260.3,1005059,2611.232493,999,
21-Nov-2018,260.55,256.45,258.85,1328745,3443.247333,1056,
22-Nov-2018,263.5,244.1,258.1,2857031,7309.396937,3396,
26-Nov-2018,268.55,258.3,262.75,3138480,8230.266808,2377,
27-Nov-2018,268.25,259.15,264.15,2270520,6011.905543,2287,
28-Nov-2018,266.3,257.6,259.65,1726167,4490.976347,6472,
29-Nov-2018,266.5,254.25,265.45,1424071,3721.803607,4889,
30-Nov-2018,265.95,255.3,256.75,3389542,8743.8682265,1799,
03-Dec-2018,259.95,253.95,256,2081914,5343.269414,1472,
04-Dec-2018,257,252.5,254.85,4028606,10264.830408,996,
05-Dec-2018,259.4,253.35,258.35,1194976,3077.951106,1167,
06-Dec-2018,257.8,253.55,255.65,648790,1658.638053,970,
07-Dec-2018,256.95,251.55,252.85,721812,1832.958773,713,
10-Dec-2018,251.7,246.25,250.35,1896394,4740.426981,1576,
11-Dec-2018,257.25,246,253.15,924469,2323.895218,1479,
12-Dec-2018,256.3,250,250.7,1909161,4810.9361945,1560,
13-Dec-2018,252.45,248.35,249.2,2790047,6960.5536225,1405,
14-Dec-2018,252.9,247.25,252.05,1818267,4546.877475,1699,
17-Dec-2018,255.85,249.25,254.95,1419070,3581.7336645,1450,
18-Dec-2018,257.3,252.7,254.6,1171801,2987.1633275,1169,
19-Dec-2018,267.1,254.55,263.45,2570544,6732.2720735,2022,
20-Dec-2018,263.95,257.95,262,1137215,2978.6350535,1236,
21-Dec-2018,265,247.45,259.85,6508796,16735.760618,8423,
24-Dec-2018,271.15,256,262.55,3202904,8429.391635,8225,
26-Dec-2018,265,258.25,262.6,1282658,3350.098889,5339,
27-Dec-2018,269.2,261.5,266.8,1209883,3216.449492,2864,
28-Dec-2018,269.75,262,263,1745967,4627.653927,1155,
31-Dec-2018,265,257.2,259,1577464,4102.240283,1500,
01-Jan-2019,263.5,257.8,262.25,799064,2078.6906405,809,
02-Jan-2019,266,258.7,264.25,1115095,2935.750574,1165,
03-Jan-2019,273.4,263.6,271.6,2888878,7786.507056,2414,
04-Jan-2019,288.5,272,285.05,6714533,18843.6969695,6557,
07-Jan-2019,295.15,285.1,293.75,5453037,15871.203189,3953,
08-Jan-2019,300.4,290,297.95,4648636,13746.7193395,3753,
09-Jan-2019,299.9,289.25,290.35,3188173,9303.7437405,2911,
10-Jan-2019,290.4,281.6,285.05,3672383,10472.211997,2933,
11-Jan-2019,286.1,276.15,277.2,3840134,10763.4233925,2330,
14-Jan-2019,282.8,274.35,280.1,6223594,17493.4342985,2025,
15-Jan-2019,283.75,277.65,279.75,2487680,6956.4215655,1296,
16-Jan-2019,284.4,274.5,275.85,3605390,10036.137905,2094,
17-Jan-2019,282.35,276.4,280.45,3729858,10471.313028,2325,
18-Jan-2019,283.4,277,278.05,3096388,8689.4264715,1399,
21-Jan-2019,279.85,270.65,277.8,2421296,6668.506406,2355,
22-Jan-2019,280.7,274.5,277.65,2194405,6112.877932,2283,
23-Jan-2019,281.4,274.8,277,4888651,13665.7083285,3889,
24-Jan-2019,283.15,261.2,263,11122963,30012.2280095,11326,
25-Jan-2019,282.45,264.1,279.75,11828569,32614.168389,10072,
28-Jan-2019,293.85,277.05,287.3,8309902,23771.3762265,7968,
29-Jan-2019,298.9,283.4,297.35,6402177,18778.0654575,7172,
30-Jan-2019,299.6,286.05,290.3,6293196,18398.522703,9373,
31-Jan-2019,296.4,285,292.25,4762254,13847.3778095,5984,
01-Feb-2019,298,290.85,296.2,2258242,6670.6733485,1363,
04-Feb-2019,297.8,287.5,295.05,2318471,6819.033419,1142,
05-Feb-2019,295,286.45,288.9,3538939,10258.716193,2331,
06-Feb-2019,298,288.8,296.35,2707550,7937.255259,2016,
07-Feb-2019,308.5,290.65,305.85,3137895,9491.927185,3314,
08-Feb-2019,335,302.05,326.05,11194181,35837.2781075,9392,
11-Feb-2019,329,320,323.5,3081552,9987.8186945,3421,
12-Feb-2019,324.4,310.65,312.85,3518639,11057.523293,3733,
13-Feb-2019,315,302.8,304.3,2930960,8961.751979,3060,
14-Feb-2019,304,293.5,297.2,2912616,8639.240673,2825,
15-Feb-2019,310.45,291.95,306.9,4992264,15147.3615635,4635,
18-Feb-2019,319.25,304.7,317.05,6443621,20370.113547,5295,
19-Feb-2019,324.85,315,318.45,6184870,19851.5492905,6480,
20-Feb-2019,322.9,313.65,318.2,2478600,7868.9183025,2677,
21-Feb-2019,318,306.3,312.55,3996262,12374.0222665,3846,
22-Feb-2019,321.8,309,313.6,3970353,12557.344558,3330,
25-Feb-2019,313.8,302.45,303.95,3480643,10639.134442,6126,
26-Feb-2019,310.5,300.15,308,5880043,17974.891974,5608,
27-Feb-2019,309,294.8,296.75,4142722,12461.0772595,5864,
28-Feb-2019,298.85,291.5,293.65,3914334,11527.153763,5161,
